word,count
em,4116
class,2058
keyword,2058
什么,860
一个,745
游戏,623
中国,601
世界,570
动画,536
视频,524
AI,515
我们,511
如何,498
挑战,482
...,447
原神,425
这个,405
真的,399
自己,383
这么,376
为什么,357
10,324
到底,317
PV,306
教程,289
怎么,288
可以,284
竟然,276
不要,268
就是,268
分钟,267
知道,264
没有,255
运动,253
体验,250
黑客,249
安全,246
入门,240
程序员,235
100,228
你们,228
终于,224
美国,217
人工智能,216
居然,215
大家,213
小时,211
离谱,211
科技,207
史上,207
全网,205
不是,205
角色,205
网络安全,205
自制,202
全球,201
这样,200
最后,199
老师,197
还是,194
网络,194
基础,189
学习,189
人类,188
多少,187
随机,187
崩坏,184
教育,183
电影,182
20,181
MV,175
第一,173
手机,173
现场,170
一天,168
音乐,168
今天,165
兄弟,165
为了,164
合集,164
一起,160
动漫,155
不会,154
测试,152
可能,151
VS,149
直接,148
编程,148
硬核,147
代码,145
30,144
这些,143
但是,143
系列,142
这是,142
最强,141
机器人,141
美食,141
方舟,141
还原,138
孩子,137
故事,137
那些,137
无数,136
同学,136
出来,136
明日,136
完整版,135
英雄,134
一口气,134
星穹,134
发现,134
2024,134
全程,133
喜欢,132
盘点,132
铁道,131
日本,130
经典,129
官方,128
一定,128
深度,127
新番,127
神话,127
主题曲,126
如果,126
第一次,126
版本,125
大战,125
朋友,123
鉴定,122
现在,121
up,121
技术,121
不能,121
成为,121
UP,120
原创,120
阅片,119
好吃,119
耗时,119
他们,118
生活,117
已经,117
真实,116
看看,116
东西,115
电脑,114
一次,114
简单,112
一下,112
结果,112
老板,112
看到,112
年度,111
时代,111
2021,109
解说,108
2023,107
每天,107
鬼畜,107
学生,107
找到,106
短片,106
番茄,105
原来,105
成功,105
高能,105
罗翔,105
人生,105
爆肝,104
变成,104
国产,104
2022,104
所有,103
童年,102
剧情,102
生物,102
为何,102
4K,102
究竟,101
公司,101
起来,101
时间,101
真正,101
vs,100
发生,99
网站,99
粉丝,98
快乐,98
开始,98
完结,98
quot,97
只有,96
需要,96
时候,96
解析,94
疯狂,94
全套,94
Java,93
